City_ID,City,Country,Date,Lat,Lng,Max Temp,Humidity,Cloudiness,Wind Speed
0,Benton Harbor,US,2021-10-20 22:09:39,42.1167,-86.4542,70.54,56,20,5.75
1,Punta Arenas,CL,2021-10-20 22:13:33,-53.15,-70.9167,51.82,50,40,19.57
2,Rikitea,PF,2021-10-20 22:13:39,-23.1203,-134.9692,74.68,73,10,20.45
3,Leningradskiy,RU,2021-10-20 22:09:26,69.3833,178.4167,25.39,96,100,15.05
4,Sitka,US,2021-10-20 22:13:40,57.0531,-135.33,46.13,91,100,7.16
5,Vaini,TO,2021-10-20 22:13:40,-21.2,-175.2,78.96,89,75,8.05
6,Manicore,BR,2021-10-20 22:13:41,-5.8092,-61.3003,83.64,66,75,2.44
7,Faanui,PF,2021-10-20 22:10:30,-16.4833,-151.75,77.86,82,14,7.31
8,Hithadhoo,MV,2021-10-20 22:13:41,-0.6,73.0833,81.09,77,100,11.21
9,Alice Springs,AU,2021-10-20 22:13:42,-23.7,133.8833,74.75,41,0,11.5
10,Teguldet,RU,2021-10-20 22:13:42,57.3064,88.1667,35.73,81,82,4.99
11,Atuona,PF,2021-10-20 22:13:43,-9.8,-139.0333,76.87,82,16,15.03
12,Kodiak,US,2021-10-20 22:13:43,57.79,-152.4072,44.11,76,90,5.75
13,Ngunguru,NZ,2021-10-20 22:13:44,-35.6167,174.5,60.17,95,100,19.04
14,Port Alfred,ZA,2021-10-20 22:13:44,-33.5906,26.891,63.14,86,23,16.22
15,Bandarbeyla,SO,2021-10-20 22:13:45,9.4942,50.8122,76.95,84,40,6.76
16,Bubaque,GW,2021-10-20 22:13:45,11.2833,-15.8333,82.67,78,100,14.0
17,Saldanha,ZA,2021-10-20 22:10:33,-33.0117,17.9442,59.65,85,55,17.31
18,Cockburn Town,TC,2021-10-20 22:13:46,21.4612,-71.1419,82.26,79,89,17.0
19,Rafaela,AR,2021-10-20 22:13:46,-31.2503,-61.4867,82.06,27,25,1.99
20,College,US,2021-10-20 22:13:47,64.8569,-147.8028,39.15,62,75,0.0
21,Nikolskoye,RU,2021-10-20 22:09:13,59.7035,30.7861,52.88,89,100,16.96
22,Ust-Nera,RU,2021-10-20 22:13:48,64.5667,143.2,4.26,95,100,1.83
23,Hilo,US,2021-10-20 22:12:25,19.7297,-155.09,80.33,66,40,13.8
24,Oum Hadjer,TD,2021-10-20 22:13:48,13.2954,19.6966,82.81,55,80,5.53
25,Vila Velha,BR,2021-10-20 22:13:49,-20.3297,-40.2925,66.15,88,75,8.05
26,Weiser,US,2021-10-20 22:13:49,44.251,-116.9693,70.0,31,98,14.83
27,Puerto Ayora,EC,2021-10-20 22:11:24,-0.7393,-90.3518,76.96,80,97,10.0
28,Ushuaia,AR,2021-10-20 22:10:04,-54.8,-68.3,51.46,40,20,13.8
29,Cururupu,BR,2021-10-20 22:13:50,-1.8283,-44.8683,77.74,82,14,4.07
30,Pinawa,CA,2021-10-20 22:13:51,50.1489,-95.8811,43.54,42,30,7.38
31,Barrow,US,2021-10-20 22:10:08,71.2906,-156.7887,28.42,86,90,27.63
32,Thaton,MM,2021-10-20 22:13:51,16.9206,97.3714,75.02,93,37,2.82
33,Kamaishi,JP,2021-10-20 22:13:52,39.2667,141.8833,50.34,73,6,7.76
34,Matagami,CA,2021-10-20 22:10:27,49.7502,-77.6328,36.43,89,100,7.52
35,Bluff,NZ,2021-10-20 22:10:22,-46.6,168.3333,48.42,55,100,3.65
36,Maymyo,MM,2021-10-20 22:13:53,22.0333,96.4667,66.38,95,100,1.7
37,Grand Gaube,MU,2021-10-20 22:13:53,-20.0064,57.6608,74.37,75,48,5.01
38,Dikson,RU,2021-10-20 22:13:54,73.5069,80.5464,28.0,62,87,12.66
39,Placido De Castro,BR,2021-10-20 22:13:54,-10.3353,-67.1856,85.17,55,99,2.73
40,Hermanus,ZA,2021-10-20 22:10:30,-34.4187,19.2345,63.9,88,83,7.61
41,Inuvik,CA,2021-10-20 22:13:55,68.3499,-133.7218,25.97,80,100,6.35
42,Albany,US,2021-10-20 22:09:18,42.6001,-73.9662,66.88,58,67,6.51
43,Busselton,AU,2021-10-20 22:13:56,-33.65,115.3333,53.1,73,98,15.73
44,Arraial Do Cabo,BR,2021-10-20 22:13:56,-22.9661,-42.0278,64.18,83,100,11.56
45,Saint-Augustin,CA,2021-10-20 22:13:56,51.226,-58.6502,45.19,86,100,13.71
46,Quatre Cocos,MU,2021-10-20 22:13:57,-20.2078,57.7625,74.08,81,52,9.62
47,Victoria,HK,2021-10-20 22:13:57,22.2855,114.1577,79.32,86,87,4.0
48,Yulara,AU,2021-10-20 22:13:58,-25.2406,130.9889,71.44,43,0,10.36
49,Castro,BR,2021-10-20 22:13:58,-24.7911,-50.0119,53.42,89,72,7.05
50,Bethanien,NA,2021-10-20 22:13:59,-26.502,17.1583,69.66,21,47,6.22
51,Mataura,NZ,2021-10-20 22:13:59,-46.1927,168.8643,49.17,57,100,3.2
52,Marawi,PH,2021-10-20 22:14:00,7.9986,124.2928,64.65,93,100,1.79
53,Sumenep,ID,2021-10-20 22:14:00,-7.0167,113.8667,81.81,76,100,3.13
54,Sao Filipe,CV,2021-10-20 22:14:01,14.8961,-24.4956,82.36,59,0,8.88
55,Gornopravdinsk,RU,2021-10-20 22:14:01,60.05,69.9,36.55,96,100,7.47
56,Palma Del Rio,ES,2021-10-20 22:14:02,37.7002,-5.2812,71.06,45,9,2.73
57,Gaya,IN,2021-10-20 22:14:03,24.7833,85.0,69.39,81,62,5.32
58,Sao Joao Da Barra,BR,2021-10-20 22:14:04,-21.6403,-41.0511,65.12,92,100,10.8
59,Cidreira,BR,2021-10-20 22:14:04,-30.1811,-50.2056,63.37,66,94,15.37
60,Khatanga,RU,2021-10-20 22:14:04,71.9667,102.5,22.14,97,100,5.28
61,Vestmannaeyjar,IS,2021-10-20 22:14:05,63.4427,-20.2734,38.61,67,100,19.28
62,Yellowknife,CA,2021-10-20 22:14:06,62.456,-114.3525,44.42,79,90,15.99
63,Tahta,EG,2021-10-20 22:14:06,26.7693,31.5021,72.86,42,27,14.76
64,Korla,CN,2021-10-20 22:14:07,41.7597,86.1469,51.73,28,27,1.05
65,Civitavecchia,IT,2021-10-20 22:14:07,42.0933,11.7967,59.0,88,82,8.9
66,Llangefni,GB,2021-10-20 22:14:08,53.2556,-4.3106,53.38,71,75,21.85
67,Jamestown,US,2021-10-20 22:09:28,42.097,-79.2353,63.84,59,1,6.91
68,Vila Franca Do Campo,PT,2021-10-20 22:14:08,37.7167,-25.4333,63.01,73,60,2.24
69,Coahuayana,MX,2021-10-20 22:14:09,18.7333,-103.6833,87.28,72,36,5.48
70,Mar Del Plata,AR,2021-10-20 22:12:49,-38.0023,-57.5575,60.87,1,0,17.0
71,Butaritari,KI,2021-10-20 22:14:09,3.0707,172.7902,81.46,74,28,9.73
72,Berekua,DM,2021-10-20 22:14:10,15.2333,-61.3167,79.84,76,11,13.78
73,Itacare,BR,2021-10-20 22:14:10,-14.2775,-38.9967,77.85,83,30,6.76
74,Makakilo City,US,2021-10-20 22:14:11,21.3469,-158.0858,83.61,46,75,3.44
75,Kapaa,US,2021-10-20 22:14:11,22.0752,-159.319,82.47,64,1,1.99
76,Esperance,AU,2021-10-20 22:10:41,-33.8667,121.9,56.98,84,11,15.68
77,Tupik,RU,2021-10-20 22:14:12,54.4253,119.9327,24.58,83,95,3.29
78,Los Llanos De Aridane,ES,2021-10-20 22:14:12,28.6585,-17.9182,69.55,88,0,10.36
79,Chany,RU,2021-10-20 22:14:13,55.3121,76.7647,42.19,62,91,8.66
80,Hobart,AU,2021-10-20 22:14:13,-42.8794,147.3294,58.12,73,75,4.0
81,Palmer,US,2021-10-20 22:14:14,42.1584,-72.3287,69.17,65,44,4.12
82,Srednekolymsk,RU,2021-10-20 22:11:17,67.45,153.6833,-9.67,97,83,2.46
83,Birao,CF,2021-10-20 22:14:14,10.2849,22.7882,74.48,81,100,4.23
84,Barcelos,PT,2021-10-20 22:14:15,41.5388,-8.6151,63.84,94,38,2.93
85,Trairi,BR,2021-10-20 22:11:55,-3.2778,-39.2689,80.26,78,94,8.03
86,Torbay,CA,2021-10-20 22:14:16,47.6666,-52.7314,49.75,96,90,9.22
87,Hay River,CA,2021-10-20 22:14:16,60.8156,-115.7999,44.55,59,15,9.55
88,Menongue,AO,2021-10-20 22:14:17,-14.6585,17.691,65.66,87,100,2.55
89,Riyadh,SA,2021-10-20 22:13:45,24.6877,46.7219,75.34,20,0,6.31
90,Cape Town,ZA,2021-10-20 22:14:18,-33.9258,18.4232,64.11,73,100,5.21
91,Skjervoy,NO,2021-10-20 22:14:18,70.0311,20.9714,32.23,76,100,26.22
92,Antofagasta,CL,2021-10-20 22:14:19,-23.65,-70.4,60.08,71,11,7.27
93,Severo-Kurilsk,RU,2021-10-20 22:14:20,50.6789,156.125,35.6,65,83,23.55
94,Ligaya,PH,2021-10-20 22:14:20,12.6599,120.8923,78.13,80,43,3.33
95,Tomatlan,MX,2021-10-20 22:14:21,19.9333,-105.25,87.15,69,15,8.01
96,Haimen,CN,2021-10-20 22:14:21,23.1935,116.6142,74.28,87,98,5.48
97,Labuhan,ID,2021-10-20 22:11:32,-6.8844,112.2051,78.67,83,54,6.22
98,San Rafael,AR,2021-10-20 22:10:36,-34.6177,-68.3301,83.19,14,31,10.87
99,Samarai,PG,2021-10-20 22:14:23,-10.6167,150.6667,82.33,77,86,7.27
100,East London,ZA,2021-10-20 22:14:24,-33.0153,27.9116,63.18,84,51,13.24
101,New Norfolk,AU,2021-10-20 22:14:24,-42.7826,147.0587,57.76,68,89,1.99
102,Palora,EC,2021-10-20 22:14:25,-1.7,-77.9333,75.18,94,80,1.03
103,Upernavik,GL,2021-10-20 22:14:02,72.7868,-56.1549,32.85,99,100,10.42
104,Itagiba,BR,2021-10-20 22:14:26,-14.2836,-39.8428,73.89,90,51,4.32
105,Verkhniy Ufaley,RU,2021-10-20 22:14:27,56.0567,60.2306,29.79,81,100,9.35
106,Bambous Virieux,MU,2021-10-20 22:14:27,-20.3428,57.7575,74.21,78,40,8.05
107,Naze,JP,2021-10-20 22:10:44,28.3667,129.4833,63.52,78,100,10.8
108,Goderich,CA,2021-10-20 22:14:28,43.7501,-81.7165,62.2,73,78,9.55
109,Lyngseidet,NO,2021-10-20 22:14:28,69.5763,20.2189,30.29,80,100,14.67
110,Codrington,AU,2021-10-20 22:14:29,-38.2667,141.9667,63.36,63,61,11.83
111,Tasiilaq,GL,2021-10-20 22:14:29,65.6145,-37.6368,42.96,50,66,10.33
112,Beira,MZ,2021-10-20 22:14:30,-19.8436,34.8389,70.88,75,7,7.07
113,Iqaluit,CA,2021-10-20 22:13:45,63.7506,-68.5145,31.69,83,33,3.0
114,Kerema,PG,2021-10-20 22:14:30,-7.9631,145.7785,80.74,81,47,1.72
115,Qurayyat,SA,2021-10-20 22:14:32,31.3318,37.3428,65.7,63,35,11.03
116,Qixia,CN,2021-10-20 22:14:32,37.2975,120.8256,44.13,62,98,3.02
117,Kibre Mengist,ET,2021-10-20 22:14:32,5.8833,38.9833,55.36,93,46,2.57
118,Pemangkat,ID,2021-10-20 22:14:33,1.1667,108.9667,76.23,91,100,5.35
119,Shakawe,BW,2021-10-20 22:14:33,-18.3667,21.85,77.97,34,90,3.87
120,Doctor Juan Manuel Frutos,PY,2021-10-20 22:14:34,-25.3667,-55.8,69.42,64,19,3.53
121,Bodden Town,KY,2021-10-20 22:14:34,19.2833,-81.25,84.2,79,20,4.0
122,Puerto Escondido,MX,2021-10-20 22:14:00,15.85,-97.0667,86.83,58,90,5.75
123,Show Low,US,2021-10-20 22:14:35,34.2542,-110.0298,68.68,27,1,11.5
124,Qaanaaq,GL,2021-10-20 22:14:35,77.484,-69.3632,17.6,94,78,2.08
125,Marabba,SD,2021-10-20 22:14:36,12.35,32.1833,89.13,34,69,12.64
126,Yerbogachen,RU,2021-10-20 22:14:36,61.2767,108.0108,33.87,93,100,9.42
127,Ponta Do Sol,PT,2021-10-20 22:14:37,32.6667,-17.1,74.03,80,100,6.33
128,Port-Cartier,CA,2021-10-20 22:11:08,50.0334,-66.8654,49.75,85,100,2.21
129,Egvekinot,RU,2021-10-20 22:14:37,66.3167,-179.1667,21.87,87,100,7.05
130,Saint-Philippe,RE,2021-10-20 22:14:38,-21.3585,55.7679,71.19,79,42,10.96
131,Musson,BE,2021-10-20 22:14:38,49.5833,5.7,61.7,87,100,21.99
132,Balkhash,KZ,2021-10-20 22:14:39,46.844,74.9804,50.59,55,95,7.92
133,Saskylakh,RU,2021-10-20 22:14:39,71.9167,114.0833,8.55,99,99,5.41
134,Vestmanna,FO,2021-10-20 22:14:40,62.1564,-7.1664,41.92,56,40,34.52
135,Santa Cruz De La Palma,ES,2021-10-20 22:14:40,28.6835,-17.7642,73.54,88,0,10.36
136,Kruisfontein,ZA,2021-10-20 22:14:40,-34.0033,24.7314,57.88,76,35,3.67
137,Te Anau,NZ,2021-10-20 22:14:41,-45.4167,167.7167,45.57,77,74,1.57
138,Ankang,CN,2021-10-20 22:12:09,32.68,109.0172,44.83,95,100,0.49
139,Geraldton,AU,2021-10-20 22:10:59,-28.7667,114.6,63.12,88,75,6.91
140,Carnarvon,AU,2021-10-20 22:14:42,-24.8667,113.6333,64.47,72,90,5.75
141,Plettenberg Bay,ZA,2021-10-20 22:14:42,-34.0527,23.3716,65.32,66,69,3.85
142,Hollins,US,2021-10-20 22:14:43,37.3413,-79.9431,72.59,56,0,1.01
143,Mandalgovi,MN,2021-10-20 22:13:48,45.7625,106.2708,28.58,55,0,4.43
144,Chuy,UY,2021-10-20 22:14:44,-33.6971,-53.4616,59.2,68,64,9.91
145,Ceyhan,TR,2021-10-20 22:14:44,37.0247,35.8175,60.64,40,0,4.54
146,Laguna,US,2021-10-20 22:14:45,38.421,-121.4238,71.92,48,90,1.01
147,Padang,ID,2021-10-20 22:14:45,-0.9492,100.3543,75.18,91,100,2.59
148,Kuandian,CN,2021-10-20 22:14:46,40.7286,124.7847,33.04,65,50,3.69
149,Asau,RO,2021-10-20 22:14:46,46.4333,26.4,45.52,72,15,7.43
150,Sun Prairie,US,2021-10-20 22:14:47,43.1836,-89.2137,71.47,57,90,10.36
151,Warmbad,NA,2021-10-20 22:14:47,-28.45,18.7333,71.26,63,96,12.66
152,Zacualpan,MX,2021-10-20 22:14:48,21.25,-105.1667,89.31,74,12,4.9
153,Clarence Town,AU,2021-10-20 22:14:48,-32.5833,151.7833,66.85,70,65,3.85
154,Axim,GH,2021-10-20 22:14:49,4.8699,-2.2405,78.04,87,82,8.16
155,Fortuna,US,2021-10-20 22:11:54,40.5982,-124.1573,64.74,69,20,5.99
156,Independencia,BR,2021-10-20 22:14:49,-5.3964,-40.3086,86.81,42,98,4.92
157,Dabat,ET,2021-10-20 22:14:50,12.9842,37.765,52.18,56,50,8.46
158,Bethel,US,2021-10-20 22:14:50,41.3712,-73.414,71.69,66,1,4.61
159,Namibe,AO,2021-10-20 22:14:51,-15.1961,12.1522,67.35,89,35,7.2
160,Caala,AO,2021-10-20 22:14:51,-12.8525,15.5606,60.84,91,99,1.77
161,Krasnooktyabrskiy,RU,2021-10-20 22:14:52,44.9328,38.3712,39.09,62,21,4.56
162,Kirakira,SB,2021-10-20 22:14:52,-10.4544,161.9205,83.53,74,94,9.06
163,Jadu,LY,2021-10-20 22:14:53,31.953,12.0261,64.11,61,32,11.25
164,Lebu,CL,2021-10-20 22:10:32,-37.6167,-73.65,55.17,82,73,7.27
165,Alofi,NU,2021-10-20 22:14:53,-19.0595,-169.9187,75.7,63,61,18.41
166,Mackenzie,CA,2021-10-20 22:14:54,55.2999,-123.1698,53.83,57,48,0.4
167,Kenai,US,2021-10-20 22:14:41,60.5544,-151.2583,44.02,87,75,13.8
168,Grootfontein,NA,2021-10-20 22:14:55,-19.5667,18.1167,67.98,66,94,12.35
169,Kalakamati,BW,2021-10-20 22:14:55,-20.5929,27.3121,58.78,72,7,10.22
170,Bayan,CN,2021-10-20 22:14:55,46.0833,127.4,29.61,69,11,2.57
171,Avarua,CK,2021-10-20 22:11:18,-21.2078,-159.775,77.05,65,75,6.91
172,Tuktoyaktuk,CA,2021-10-20 22:14:56,69.4541,-133.0374,27.68,80,94,8.43
173,Derzhavinsk,KZ,2021-10-20 22:14:57,51.1,66.3167,42.55,64,75,22.57
174,Georgetown,MY,2021-10-20 22:10:17,5.4112,100.3354,76.95,96,20,0.0
175,Maniitsoq,GL,2021-10-20 22:14:57,65.4167,-52.9,32.81,71,10,11.92
176,Basoko,CD,2021-10-20 22:14:58,1.2391,23.616,72.01,92,100,2.3
177,Haldibari,IN,2021-10-20 22:14:58,26.3333,88.7667,73.38,97,100,1.92
178,Nador,MA,2021-10-20 22:14:59,35.174,-2.9287,61.05,94,0,3.44
179,Salalah,OM,2021-10-20 22:11:28,17.0151,54.0924,78.89,73,20,2.3
180,Vardo,NO,2021-10-20 22:15:00,70.3705,31.1107,30.4,64,100,25.34
181,Katsuura,JP,2021-10-20 22:15:00,35.1333,140.3,59.18,62,100,9.91
182,Along,IN,2021-10-20 22:10:53,28.1667,94.7667,71.19,100,100,0.2
183,Chateaubelair,VC,2021-10-20 22:15:01,13.2833,-61.25,83.01,78,19,12.73
184,Ramon Castilla,PE,2021-10-20 22:15:02,-4.2569,-69.9594,77.25,88,0,3.44
185,La Romana,DO,2021-10-20 22:15:03,18.4273,-68.9728,83.93,94,40,4.61
186,Hit,IQ,2021-10-20 22:15:04,33.6416,42.8251,72.0,32,0,10.2
187,Uyuni,BO,2021-10-20 22:15:04,-20.4597,-66.825,60.51,4,35,20.47
188,Kaeo,NZ,2021-10-20 22:15:05,-35.1,173.7833,60.33,97,100,9.66
189,Octeville,FR,2021-10-20 22:15:06,49.6261,-1.6435,54.91,93,90,18.41
190,Torun,PL,2021-10-20 22:15:06,53.0137,18.5981,63.7,80,96,1.01
191,Valparaiso,CL,2021-10-20 22:15:07,-33.0393,-71.6273,59.92,76,75,5.75
192,Praia Da Vitoria,PT,2021-10-20 22:15:08,38.7333,-27.0667,65.75,81,69,0.87
193,Morgan City,US,2021-10-20 22:15:08,29.6994,-91.2068,82.99,78,100,5.19
194,Lagoa,PT,2021-10-20 22:15:09,39.05,-27.9833,68.63,61,39,2.68
195,Umm Lajj,SA,2021-10-20 22:15:09,25.0213,37.2685,78.78,69,0,14.09
196,Inta,RU,2021-10-20 22:15:10,66.0317,60.1659,31.03,91,98,15.82
197,Smithers,CA,2021-10-20 22:15:09,54.7804,-127.1743,43.12,87,90,4.61
198,Mahebourg,MU,2021-10-20 22:15:10,-20.4081,57.7,74.25,78,40,8.05
199,Ardakan,IR,2021-10-20 22:15:11,32.31,54.0175,65.01,22,19,8.57
200,Bengkulu,ID,2021-10-20 22:10:13,-3.8004,102.2655,74.41,89,95,4.85
201,Phalombe,MW,2021-10-20 22:15:11,-15.8064,35.6507,63.97,85,41,4.0
202,Rio Verde De Mato Grosso,BR,2021-10-20 22:15:12,-18.9181,-54.8442,81.57,51,83,7.65
203,Ereymentau,KZ,2021-10-20 22:15:12,51.6199,73.1033,47.62,43,100,11.16
204,Juneau,US,2021-10-20 22:14:11,58.3019,-134.4197,51.8,86,90,14.97
205,Cherskiy,RU,2021-10-20 22:15:13,68.75,161.3,-7.08,100,100,5.19
206,Hohhot,CN,2021-10-20 22:15:14,40.8106,111.6522,34.75,33,0,2.24
207,Ratnagiri,IN,2021-10-20 22:15:14,16.9833,73.3,76.12,85,65,5.97
208,Tulun,RU,2021-10-20 22:11:45,54.5611,100.5792,31.21,85,5,6.2
209,Kambove,CD,2021-10-20 22:15:15,-10.8764,26.5969,71.69,45,98,4.05
210,Port Blair,IN,2021-10-20 22:15:15,11.6667,92.75,77.04,88,40,0.0
211,Nago,JP,2021-10-20 22:15:16,26.5881,127.9761,75.27,72,100,6.15
212,Fairbanks,US,2021-10-20 22:10:33,64.8378,-147.7164,39.16,64,40,1.99
213,Ilulissat,GL,2021-10-20 22:15:16,69.2167,-51.1,28.42,64,20,2.3
214,Kiruna,SE,2021-10-20 22:15:17,67.8557,20.2251,22.12,100,90,9.22
215,Lorengau,PG,2021-10-20 22:15:17,-2.0226,147.2712,83.44,72,77,6.49
216,Half Moon Bay,US,2021-10-20 22:11:26,37.4636,-122.4286,69.64,77,90,4.0
217,Longyearbyen,SJ,2021-10-20 22:15:18,78.2186,15.6401,13.84,67,0,8.05
218,Asyut,EG,2021-10-20 22:15:18,27.181,31.1837,71.47,48,31,16.17
219,Tessalit,ML,2021-10-20 22:15:19,20.1986,1.0114,76.89,21,0,9.6
220,Petropavlovsk-Kamchatskiy,RU,2021-10-20 22:15:19,53.0452,158.6483,25.39,54,0,11.18
221,North Bend,US,2021-10-20 22:15:20,43.4065,-124.2243,62.51,85,40,12.66
222,Hami,CN,2021-10-20 22:15:20,42.8,93.45,56.39,19,100,7.45
223,Cabo San Lucas,MX,2021-10-20 22:10:57,22.8909,-109.9124,89.62,61,1,11.5
224,Bajil,YE,2021-10-20 22:15:21,15.0584,43.2851,84.88,66,90,5.73
225,Jabinyanah,TN,2021-10-20 22:15:21,35.035,10.9081,71.4,65,1,11.16
226,Edd,ER,2021-10-20 22:15:22,13.9297,41.6925,85.93,66,41,3.89
227,Terrace Bay,CA,2021-10-20 22:15:22,48.7834,-87.1,40.62,50,51,7.85
228,Ancud,CL,2021-10-20 22:11:51,-41.8697,-73.8203,57.42,92,100,8.88
229,Prince Rupert,CA,2021-10-20 22:12:23,54.3161,-130.3201,51.89,76,90,17.27
230,Sembakung,ID,2021-10-20 22:15:23,3.8167,117.25,76.93,99,64,2.46
231,Tamandare,BR,2021-10-20 22:15:23,-8.7597,-35.1047,78.03,84,7,9.15
232,Pringsewu,ID,2021-10-20 22:15:24,-5.3582,104.9744,73.58,96,97,2.15
233,Pevek,RU,2021-10-20 22:15:24,69.7008,170.3133,18.59,92,100,13.91
234,Evensk,RU,2021-10-20 22:12:19,61.95,159.2333,8.55,72,89,9.71
235,Dogondoutchi,NE,2021-10-20 22:15:25,13.6393,4.0287,90.73,35,75,7.76
236,Kutum,SD,2021-10-20 22:15:25,14.2,24.6667,77.76,21,87,12.06
237,Ixtapa,MX,2021-10-20 22:15:26,20.7,-105.2,88.83,62,20,10.36
238,Nanchang,CN,2021-10-20 22:15:26,28.6833,115.8833,52.65,89,100,8.39
239,Mingshui,CN,2021-10-20 22:15:27,36.7167,117.5,51.01,84,100,1.63
240,Dunhua,CN,2021-10-20 22:15:27,43.3725,128.2425,27.59,73,0,2.53
241,Rovaniemi,FI,2021-10-20 22:15:28,66.5,25.7167,27.81,100,90,16.11
242,Kurilsk,RU,2021-10-20 22:12:19,45.2333,147.8833,43.92,86,100,12.41
243,Norman Wells,CA,2021-10-20 22:15:28,65.282,-126.8329,39.24,60,75,12.66
244,Xixiang,CN,2021-10-20 22:15:29,35.1628,112.865,48.54,83,0,6.42
245,Sioux Lookout,CA,2021-10-20 22:15:29,50.1001,-91.917,39.58,56,20,6.91
246,La Ronge,CA,2021-10-20 22:15:30,55.1001,-105.2842,44.85,39,20,8.05
247,Conakry,GN,2021-10-20 22:15:30,9.538,-13.6773,79.36,94,75,4.61
248,Tiksi,RU,2021-10-20 22:15:31,71.6872,128.8694,11.07,94,100,5.46
249,Shenjiamen,CN,2021-10-20 22:15:31,29.9576,122.298,60.31,85,100,19.13
250,Huarmey,PE,2021-10-20 22:15:32,-10.0681,-78.1522,66.47,82,71,10.74
251,Oranjemund,NA,2021-10-20 22:15:32,-28.55,16.4333,59.97,77,69,5.21
252,Vostok,RU,2021-10-20 22:15:33,46.4856,135.8833,16.56,78,6,3.18
253,Rocha,UY,2021-10-20 22:14:36,-34.4833,-54.3333,56.7,76,52,9.62
254,Inhambane,MZ,2021-10-20 22:15:33,-23.865,35.3833,66.27,73,0,6.31
255,Mbuji-Mayi,CD,2021-10-20 22:15:34,-6.15,23.6,71.17,91,73,2.35
256,Tuatapere,NZ,2021-10-20 22:15:34,-46.1333,167.6833,50.34,58,96,3.42
257,Ambon,ID,2021-10-20 22:11:09,-3.6954,128.1814,77.14,94,20,6.91
258,Ribeira Grande,PT,2021-10-20 22:15:35,38.5167,-28.7,70.27,61,71,3.67
259,Talnakh,RU,2021-10-20 22:13:56,69.4865,88.3972,29.7,95,100,15.86
260,Presidencia Roque Saenz Pena,AR,2021-10-20 22:15:36,-26.7852,-60.4388,74.98,35,0,7.0
261,Aklavik,CA,2021-10-20 22:10:47,68.2191,-135.0107,24.31,80,100,7.07
262,Soyo,AO,2021-10-20 22:15:36,-6.1349,12.3689,75.72,83,40,5.95
263,Thompson,CA,2021-10-20 22:11:14,55.7435,-97.8558,37.62,54,45,7.58
264,Vao,NC,2021-10-20 22:15:37,-22.6667,167.4833,69.69,95,100,11.14
265,Pisco,PE,2021-10-20 22:14:36,-13.7,-76.2167,64.45,77,0,17.27
266,Ojinaga,MX,2021-10-20 22:15:38,29.5667,-104.4167,92.57,27,1,3.44
267,Ibra,OM,2021-10-20 22:15:38,22.6906,58.5334,73.72,70,60,4.25
268,Oktyabrskiy,RU,2021-10-20 22:15:39,54.4815,53.471,30.85,94,86,8.19
269,Mercedes,AR,2021-10-20 22:10:49,-34.6515,-59.4307,75.02,50,57,7.85
270,San Quintin,MX,2021-10-20 22:15:39,30.4833,-115.95,67.77,65,0,13.73
271,Sistranda,NO,2021-10-20 22:12:04,63.7256,8.834,46.9,65,100,33.62
272,Provideniya,RU,2021-10-20 22:11:31,64.3833,-173.3,26.71,80,0,0.0
273,Pangnirtung,CA,2021-10-20 22:15:40,66.1451,-65.7125,32.0,93,90,3.44
274,Roald,NO,2021-10-20 22:15:41,62.5833,6.1333,44.74,76,75,18.41
275,Lavrentiya,RU,2021-10-20 22:12:19,65.5833,-171.0,30.79,98,99,6.71
276,Bredasdorp,ZA,2021-10-20 22:15:41,-34.5322,20.0403,62.28,98,84,5.14
277,Albanel,CA,2021-10-20 22:15:42,48.8832,-72.4487,48.34,81,100,6.91
278,Kaitangata,NZ,2021-10-20 22:15:25,-46.2817,169.8464,50.47,56,100,4.45
279,Khabary,RU,2021-10-20 22:15:42,53.6259,79.5345,42.93,58,100,8.75
280,Talavera,PH,2021-10-20 22:15:43,15.6167,120.9333,74.34,91,96,1.9
281,Lisala,CD,2021-10-20 22:15:44,2.15,21.5167,70.12,99,100,2.64
282,Smoky Lake,CA,2021-10-20 22:15:44,54.1169,-112.4686,56.48,32,4,12.66
283,Jaisinghnagar,IN,2021-10-20 22:15:44,23.7,81.3833,66.74,74,65,4.41
284,Kavieng,PG,2021-10-20 22:15:45,-2.5744,150.7967,81.9,77,93,6.02
285,Kalianget,ID,2021-10-20 22:15:45,-7.05,113.9333,82.22,75,100,3.42
286,Macamic,CA,2021-10-20 22:15:46,48.7502,-78.9996,41.23,87,100,7.43
287,Shubarkuduk,KZ,2021-10-20 22:15:47,49.1447,56.4872,36.21,72,94,16.31
288,Ilhabela,BR,2021-10-20 22:15:47,-23.7781,-45.3581,64.8,88,98,5.93
289,Manavalakurichi,IN,2021-10-20 22:15:48,8.1333,77.3,78.89,89,100,2.73
290,Grindavik,IS,2021-10-20 22:15:47,63.8424,-22.4338,41.47,81,75,17.27
291,Gisors,FR,2021-10-20 22:15:48,49.2818,1.7801,58.6,71,100,28.81
292,Hirado,JP,2021-10-20 22:15:49,33.3597,129.5531,58.35,56,100,8.14
293,Kavaratti,IN,2021-10-20 22:15:49,10.5669,72.642,81.79,74,97,10.65
294,Akhtanizovskaya,RU,2021-10-20 22:15:50,45.32,37.1,39.67,58,20,8.01
295,Dibrugarh,IN,2021-10-20 22:15:50,27.4833,94.9,71.98,99,100,1.86
296,Tazovskiy,RU,2021-10-20 22:15:51,67.4667,78.7,29.46,89,100,7.58
297,Partur,IN,2021-10-20 22:15:51,19.6,76.2167,69.13,64,67,5.41
298,Caravelas,BR,2021-10-20 22:15:52,-17.7125,-39.2481,70.75,90,100,15.28
299,Chokurdakh,RU,2021-10-20 22:15:52,70.6333,147.9167,-16.44,96,94,2.77
300,Sola,VU,2021-10-20 22:15:53,-13.8833,167.55,84.87,84,90,11.5
301,Praya,CV,2021-10-20 22:15:53,14.9215,-23.5087,81.14,61,0,19.57
302,Manutuke,NZ,2021-10-20 22:15:54,-38.6833,177.9167,57.97,63,100,4.56
303,Gizo,SB,2021-10-20 22:15:54,-8.103,156.8419,83.59,73,72,4.32
304,Blois,FR,2021-10-20 22:11:25,47.5833,1.3333,59.13,66,100,28.05
305,Jiuquan,CN,2021-10-20 22:11:28,39.7432,98.5174,36.3,35,25,1.79
306,Manokwari,ID,2021-10-20 22:15:55,-0.8667,134.0833,79.99,77,100,4.72
307,Bella Union,UY,2021-10-20 22:15:55,-30.2752,-57.6007,68.36,58,21,8.21
308,Pervomayskiy,RU,2021-10-20 22:15:56,53.2485,40.2871,35.13,76,99,18.97
309,Yelnya,RU,2021-10-20 22:15:56,54.5786,33.1837,46.92,85,100,18.23
310,Pacific Grove,US,2021-10-20 22:15:50,36.6177,-121.9166,70.57,74,90,4.0
311,Port Macquarie,AU,2021-10-20 22:15:57,-31.4333,152.9167,62.56,85,93,1.59
312,Tamiahua,MX,2021-10-20 22:15:58,21.2667,-97.45,81.48,75,96,9.86
313,Jiaojiang,CN,2021-10-20 22:15:58,28.6803,121.4428,55.0,95,100,11.25
314,Port Hedland,AU,2021-10-20 22:11:57,-20.3167,118.5667,64.45,88,2,8.05
315,Narsaq,GL,2021-10-20 22:15:59,60.9167,-46.05,28.62,37,0,3.87
316,Awbari,LY,2021-10-20 22:15:59,26.5921,12.7805,73.08,40,100,12.93
317,Tiarei,PF,2021-10-20 22:15:35,-17.5333,-149.3333,82.42,79,68,9.08
318,Karratha,AU,2021-10-20 22:16:00,-20.7377,116.8463,69.91,39,1,8.75
319,Djambala,CG,2021-10-20 22:16:00,-2.5447,14.7533,66.76,97,99,2.71
320,Santa Margherita Ligure,IT,2021-10-20 22:16:01,44.3346,9.212,67.84,80,100,4.0
321,Clyde River,CA,2021-10-20 22:16:02,70.4692,-68.5914,25.72,94,100,8.5
322,Adrar,MR,2021-10-20 22:16:03,20.5022,-10.0711,78.31,18,4,11.79
323,Hasaki,JP,2021-10-20 22:15:29,35.7333,140.8333,52.2,54,99,14.63
324,Itaituba,BR,2021-10-20 22:12:27,-4.2761,-55.9836,79.79,73,96,1.79
325,Klaksvik,FO,2021-10-20 22:16:03,62.2266,-6.589,43.72,66,78,36.13
326,Jauja,PE,2021-10-20 22:16:04,-11.7758,-75.4966,60.58,53,78,7.81
327,Dano,BF,2021-10-20 22:16:04,11.15,-3.0667,79.16,72,83,1.66
328,Touros,BR,2021-10-20 22:16:05,-5.1989,-35.4608,81.5,82,100,11.72
329,Erzin,TR,2021-10-20 22:16:06,36.9559,36.2,66.92,49,0,1.52
330,Meulaboh,ID,2021-10-20 22:16:06,4.1363,96.1285,74.89,90,100,5.66
331,High Level,CA,2021-10-20 22:16:07,58.5169,-117.136,46.51,57,1,11.5
332,Tabatinga,BR,2021-10-20 22:16:07,-4.2525,-69.9381,77.09,88,0,3.44
333,Coquimbo,CL,2021-10-20 22:16:08,-29.9533,-71.3436,60.53,67,0,12.66
334,Bukama,CD,2021-10-20 22:16:08,-9.2,25.85,74.35,70,15,1.7
335,Beisfjord,NO,2021-10-20 22:16:08,68.3751,17.5988,30.96,87,100,9.06
336,Souillac,MU,2021-10-20 22:16:09,-20.5167,57.5167,74.35,78,40,8.05
337,Seoul,KR,2021-10-20 22:14:15,37.5683,126.9778,42.24,55,6,1.74
338,Warwick,US,2021-10-20 22:14:25,41.7001,-71.4162,68.72,73,9,1.01
339,Parati,BR,2021-10-20 22:16:10,-23.2178,-44.7131,67.1,97,100,3.06
340,Kultayevo,RU,2021-10-20 22:16:11,57.8943,55.9392,33.78,75,75,4.47
341,Nemuro,JP,2021-10-20 22:14:18,43.3236,145.575,49.24,71,100,17.6
342,Hovd,MN,2021-10-20 22:16:11,48.0056,91.6419,31.51,49,0,1.79
343,Tayshet,RU,2021-10-20 22:16:12,55.9342,98.0044,31.95,85,7,5.5
344,Marsh Harbour,BS,2021-10-20 22:16:12,26.5412,-77.0636,79.48,59,85,16.44
345,Xai-Xai,MZ,2021-10-20 22:16:13,-25.0519,33.6442,62.2,76,0,6.8
346,Porto Belo,BR,2021-10-20 22:16:13,-27.1578,-48.5531,66.18,77,100,7.54
347,Margate,GB,2021-10-20 22:16:14,51.3813,1.3862,55.11,92,100,14.16
348,Lucapa,AO,2021-10-20 22:16:14,-8.4192,20.7447,67.12,96,87,2.28
349,Wiener Neustadt,AT,2021-10-20 22:16:15,47.8,16.25,59.02,70,100,3.94
350,Lompoc,US,2021-10-20 22:16:08,34.6391,-120.4579,76.01,58,1,16.11
351,Sobolevo,RU,2021-10-20 22:16:15,54.4299,31.8996,47.91,85,100,18.99
352,Guantanamo,CU,2021-10-20 22:16:16,20.1444,-75.2092,86.07,79,69,2.62
353,Kunming,CN,2021-10-20 22:16:16,25.0389,102.7183,46.33,100,90,15.66
354,Mizdah,LY,2021-10-20 22:16:16,31.4451,12.9801,63.64,84,72,12.33
355,Yenagoa,NG,2021-10-20 22:16:17,4.9247,6.2642,75.54,93,100,3.0
356,Port Elizabeth,ZA,2021-10-20 22:15:15,-33.918,25.5701,62.89,88,0,6.91
357,Sao Jose Da Coroa Grande,BR,2021-10-20 22:16:18,-8.8978,-35.1478,77.97,84,7,10.07
358,Fort William,GB,2021-10-20 22:16:18,56.8165,-5.1121,43.79,92,56,4.59
359,Acapulco,MX,2021-10-20 22:16:19,16.8634,-99.8901,85.82,70,75,6.91
360,Jamai,IN,2021-10-20 22:16:19,22.2,78.5833,63.59,69,8,2.89
361,Los Andes,CL,2021-10-20 22:16:20,-32.8337,-70.5983,62.37,48,7,7.81
362,Kaili,ID,2021-10-20 22:16:20,-3.4626,120.2147,67.21,85,88,2.8
363,Batagay-Alyta,RU,2021-10-20 22:16:21,67.8006,130.4114,9.18,90,100,3.38
364,Kargasok,RU,2021-10-20 22:16:21,59.0556,80.8572,36.95,89,49,7.11
365,Rocky Mountain House,CA,2021-10-20 22:15:06,52.3668,-114.9188,50.83,53,0,14.97
366,Bathsheba,BB,2021-10-20 22:16:22,13.2167,-59.5167,83.01,78,40,21.85
367,Portland,US,2021-10-20 22:15:06,45.5234,-122.6762,64.2,69,75,4.0
368,Tyukhtet,RU,2021-10-20 22:16:23,56.5389,89.3011,36.91,73,64,5.17
369,Kano,NG,2021-10-20 22:16:23,12.0001,8.5167,75.09,83,0,3.44
370,Piney Green,US,2021-10-20 22:16:23,34.716,-77.3202,75.11,53,1,3.44
371,Am Timan,TD,2021-10-20 22:16:24,11.0297,20.2827,72.09,87,100,8.52
372,Baykit,RU,2021-10-20 22:15:56,61.67,96.37,34.92,93,100,3.78
373,Uvat,RU,2021-10-20 22:16:25,59.1433,68.8953,36.48,96,100,8.19
374,Turayf,SA,2021-10-20 22:16:25,31.6725,38.6637,61.05,59,0,8.05
375,Naantali,FI,2021-10-20 22:16:26,60.4674,22.0243,54.01,94,75,10.36
376,Marapanim,BR,2021-10-20 22:16:26,-0.7175,-47.6997,78.46,82,33,6.6
377,Kaduqli,SD,2021-10-20 22:16:27,11.0167,29.7167,79.41,62,94,7.31
378,Mahanoro,MG,2021-10-20 22:16:27,-19.9,48.8,69.62,86,9,4.68
379,Cody,US,2021-10-20 22:11:47,44.5263,-109.0565,57.58,47,1,10.36
380,Lae,PG,2021-10-20 22:16:28,-6.7221,146.9847,81.7,68,73,4.65
381,Igarka,RU,2021-10-20 22:16:28,67.4667,86.5833,33.78,81,100,14.32
382,Taoudenni,ML,2021-10-20 22:16:29,22.6783,-3.9836,76.98,22,0,11.36
383,Tawang,IN,2021-10-20 22:16:29,27.5833,91.8667,52.47,99,100,2.01
384,Qandala,SO,2021-10-20 22:16:30,11.472,49.8728,80.6,40,55,4.14
385,Gardelegen,DE,2021-10-20 22:16:30,52.5252,11.3952,62.98,70,100,14.85
386,Kondinskoye,RU,2021-10-20 22:16:31,59.6481,67.41,34.81,91,100,8.32
387,Yar-Sale,RU,2021-10-20 22:15:35,66.8333,70.8333,28.56,86,86,5.97
388,Cheney,US,2021-10-20 22:16:31,47.4874,-117.5758,57.54,62,75,17.27
389,Bazarnyye Mataki,RU,2021-10-20 22:16:32,54.8833,49.9333,30.51,87,53,6.89
390,Kristiinankaupunki,FI,2021-10-20 22:16:32,62.2743,21.376,47.8,95,79,11.59
391,Sinnamary,GF,2021-10-20 22:14:56,5.3833,-52.95,80.53,79,36,8.75
392,Lata,PT,2021-10-20 22:16:33,40.1629,-8.3327,61.81,98,18,1.12
393,Nadiad,IN,2021-10-20 22:16:33,22.7,72.8667,73.62,57,50,1.97
394,Freeport,US,2021-10-20 22:16:34,40.6576,-73.5832,75.18,56,1,4.0
395,Grants,US,2021-10-20 22:16:34,35.1473,-107.8514,66.43,19,1,8.05
396,Niigata,JP,2021-10-20 22:16:35,37.9022,139.0236,55.35,62,75,18.41
397,Shunyi,CN,2021-10-20 22:16:35,40.125,116.6453,41.29,81,0,6.71
398,Udachnyy,RU,2021-10-20 22:16:36,66.4167,112.4,35.65,99,100,18.84
399,Ambikapur,IN,2021-10-20 22:16:36,23.1167,83.2,64.8,78,14,2.08
400,Kumluca,TR,2021-10-20 22:16:37,36.3703,30.2869,68.63,49,0,6.15
401,Leh,IN,2021-10-20 22:16:37,34.1667,77.5833,41.34,42,0,4.25
402,Marsella,FR,2021-10-20 22:16:38,43.297,5.3811,67.77,69,59,5.01
403,Hofn,IS,2021-10-20 22:16:38,64.2539,-15.2082,36.63,50,5,6.69
404,Saint George,US,2021-10-20 22:11:58,37.1041,-113.5841,74.43,25,1,1.99
405,Burnie,AU,2021-10-20 22:16:39,-41.0667,145.9167,56.95,80,88,12.21
406,Mayo,US,2021-10-20 22:16:22,38.8876,-76.5119,74.39,57,1,1.01
407,Yinchuan,CN,2021-10-20 22:16:39,38.4681,106.2731,44.1,24,0,2.68
408,Vangaindrano,MG,2021-10-20 22:14:44,-23.35,47.6,71.37,88,100,7.34
409,Mhango,TZ,2021-10-20 22:16:40,-3.2833,32.85,73.81,55,100,6.11
410,Aksu,CN,2021-10-20 22:16:41,41.1231,80.2644,51.51,28,53,3.11
411,Lerwick,GB,2021-10-20 22:16:41,60.1545,-1.1494,42.8,76,96,35.81
412,Sangmelima,CM,2021-10-20 22:16:42,2.9333,11.9833,67.78,97,100,1.97
413,Richards Bay,ZA,2021-10-20 22:16:42,-28.783,32.0377,63.63,71,0,10.78
414,Caledon,ZA,2021-10-20 22:16:43,-34.23,19.4265,60.06,89,84,5.35
415,Wagga Wagga,AU,2021-10-20 22:16:43,-35.1167,147.3667,65.61,72,97,8.05
416,Ostrovnoy,RU,2021-10-20 22:16:34,68.0531,39.5131,32.27,74,100,17.31
417,Marigot,MF,2021-10-20 22:16:44,18.0667,-63.0833,82.62,89,75,9.22
418,Taquara,BR,2021-10-20 22:16:45,-29.6506,-50.7806,64.99,72,37,4.0
419,Dukat,RU,2021-10-20 22:16:45,62.55,155.55,-9.87,98,24,3.98
420,Cooma,AU,2021-10-20 22:16:46,-36.2333,149.1333,55.06,73,14,3.09
421,Fort Nelson,CA,2021-10-20 22:16:46,58.8053,-122.7002,36.99,75,20,2.3
422,Edinburgh,GB,2021-10-20 22:16:47,55.9521,-3.1965,43.16,91,90,3.0
423,Cascais,PT,2021-10-20 22:16:47,38.6979,-9.4215,67.46,76,0,5.01
424,Abalak,RU,2021-10-20 22:16:48,58.1286,68.5944,39.06,90,100,5.44
425,Giyani,ZA,2021-10-20 22:16:48,-23.3025,30.7187,66.13,51,0,1.7
426,Medyn,RU,2021-10-20 22:16:49,54.9692,35.8586,40.93,91,100,16.75
427,Omsukchan,RU,2021-10-20 22:16:13,62.5333,155.8,-9.36,95,36,3.98
428,Ariano Irpino,IT,2021-10-20 22:16:50,41.1489,15.0833,51.57,91,8,5.44
429,Bailleul,FR,2021-10-20 22:16:50,50.7359,2.7359,59.92,90,100,29.17
430,Moerai,PF,2021-10-20 22:16:52,-22.4333,-151.3333,74.73,77,44,11.34
431,Yanam,IN,2021-10-20 22:16:52,16.7333,82.2167,76.12,96,44,2.17
432,Ust-Ishim,RU,2021-10-20 22:16:53,57.6935,71.1665,40.55,68,100,4.18
433,Jining,CN,2021-10-20 22:16:53,35.405,116.5814,54.0,1,100,3.8
434,Traian,RO,2021-10-20 22:16:54,46.6333,27.0333,47.91,87,34,10.36
435,Port-Gentil,GA,2021-10-20 22:16:54,-0.7193,8.7815,77.86,84,100,9.44
436,Ozark,US,2021-10-20 22:14:23,37.0209,-93.206,72.28,88,97,1.01
437,Juan De Acosta,CO,2021-10-20 22:16:55,10.8281,-75.0334,85.39,84,96,6.55
438,Kapoeta,SS,2021-10-20 22:16:55,4.7717,33.5903,83.35,38,49,10.51
439,Pustoshka,RU,2021-10-20 22:16:56,56.3355,29.369,53.02,87,100,16.26
440,Lumberton,US,2021-10-20 22:15:43,34.6182,-79.0086,79.11,34,0,3.94
441,Haines Junction,CA,2021-10-20 22:16:56,60.7522,-137.5108,33.75,93,47,0.0
442,Mount Barker,AU,2021-10-20 22:16:57,-35.0667,138.8667,60.01,87,72,6.98
443,San Ramon,US,2021-10-20 22:16:40,37.7799,-121.978,68.38,68,90,1.99
444,Matay,EG,2021-10-20 22:16:16,28.419,30.7792,69.08,59,43,15.9
445,Okhotsk,RU,2021-10-20 22:16:58,59.3833,143.3,12.47,67,97,8.43
446,Nanortalik,GL,2021-10-20 22:16:58,60.1432,-45.2371,37.13,72,1,1.79
447,Peniche,PT,2021-10-20 22:16:58,39.3558,-9.3811,66.61,93,3,8.63
448,Sarangani,PH,2021-10-20 22:16:59,5.4033,125.4636,81.82,74,100,3.13
449,Guatire,VE,2021-10-20 22:16:59,10.4762,-66.5427,81.1,94,60,2.57
450,Wajima,JP,2021-10-20 22:15:09,37.4,136.9,54.5,64,92,13.67
451,Ezhou,CN,2021-10-20 22:17:00,30.4,114.8333,51.19,89,100,6.35
452,Tres Arroyos,AR,2021-10-20 22:17:01,-38.3739,-60.2798,67.23,58,14,11.12
453,Doha,QA,2021-10-20 22:12:36,25.2867,51.5333,84.18,59,0,11.5
454,Mogadishu,SO,2021-10-20 22:16:11,2.0371,45.3438,78.66,81,76,12.39
455,Kitaibaraki,JP,2021-10-20 22:17:02,36.7833,140.75,52.52,59,1,16.69
456,Melnikovo,RU,2021-10-20 22:17:03,56.5558,84.085,38.25,88,50,5.88
457,Bowen,AU,2021-10-20 22:17:03,-20.0167,148.2333,78.96,76,28,13.31
458,Maceio,BR,2021-10-20 22:13:57,-9.6658,-35.7353,80.04,89,20,9.22
459,Harper,LR,2021-10-20 22:17:04,4.375,-7.7169,77.92,86,60,8.48
460,Morsbach,DE,2021-10-20 22:17:04,50.8667,7.75,60.62,83,100,12.95
461,Autazes,BR,2021-10-20 22:17:05,-3.5797,-59.1306,83.41,62,92,1.01
462,Airai,TL,2021-10-20 22:17:05,-8.9266,125.4092,63.73,68,98,1.54
463,Bima,ID,2021-10-20 22:17:06,-8.4667,118.7167,78.1,90,100,3.09
464,Namatanai,PG,2021-10-20 22:17:06,-3.6667,152.4333,80.89,80,99,4.74
465,Broken Hill,AU,2021-10-20 22:17:07,-31.95,141.4333,71.22,29,23,16.75
466,Ternate,ID,2021-10-20 22:17:07,0.8,127.4,80.26,80,31,3.74
467,Gat,IL,2021-10-20 22:17:08,31.61,34.7642,70.48,100,20,3.02
468,Wahpeton,US,2021-10-20 22:17:08,46.2652,-96.6059,46.76,100,90,12.66
469,Kautokeino,NO,2021-10-20 22:17:09,69.0125,23.0412,22.77,94,100,18.57
470,Gwembe,ZM,2021-10-20 22:17:09,-16.4975,27.6069,64.9,62,62,6.33
471,Sumbawanga,TZ,2021-10-20 22:17:10,-7.9667,31.6167,63.57,55,29,5.48
472,Turbiv,UA,2021-10-20 22:17:10,49.3479,28.7212,52.21,59,92,11.18
473,Iisaku,EE,2021-10-20 22:17:11,59.1014,27.3081,52.52,92,100,17.07
474,Puri,IN,2021-10-20 22:17:11,19.8,85.85,79.32,81,100,8.34
475,Almaznyy,RU,2021-10-20 22:17:12,48.0448,40.045,35.74,44,56,9.35
476,Darhan,MN,2021-10-20 22:17:12,49.4867,105.9228,32.13,66,0,5.1
477,Saint-Pierre,RE,2021-10-20 22:17:12,-21.3393,55.4781,71.28,66,90,4.61
478,Sawakin,SD,2021-10-20 22:17:13,19.1059,37.3321,81.01,75,13,9.1
479,Fort-Shevchenko,KZ,2021-10-20 22:17:14,44.5086,50.263,48.13,50,48,17.56
480,Vasteras,SE,2021-10-20 22:17:14,59.6162,16.5528,53.69,71,90,14.97
481,Netanya,IL,2021-10-20 22:17:15,32.3329,34.8599,71.62,69,4,4.63
482,Galle,LK,2021-10-20 22:16:40,6.0367,80.217,78.44,83,88,5.01
483,Ziarat,PK,2021-10-20 22:17:15,30.3823,67.7282,53.89,22,1,6.04
484,Luderitz,NA,2021-10-20 22:17:16,-26.6481,15.1594,55.85,86,45,10.63
485,Bhuj,IN,2021-10-20 22:17:16,23.2667,69.6667,75.31,69,0,6.62
486,San Patricio,US,2021-10-20 22:17:17,28.017,-97.5169,88.52,51,22,8.48
487,La Palma,US,2021-10-20 22:13:51,33.8464,-118.0467,84.81,48,1,3.0
488,Floriano,BR,2021-10-20 22:17:17,-6.7669,-43.0225,85.82,51,67,4.99
489,Yukon,US,2021-10-20 22:17:18,35.5067,-97.7625,73.38,41,1,1.99
490,Dhidhdhoo,MV,2021-10-20 22:17:18,6.8833,73.1,81.41,76,100,12.17
491,Atambua,ID,2021-10-20 22:17:19,-9.1061,124.8925,76.53,81,92,0.65
492,Ilfracombe,GB,2021-10-20 22:17:19,51.2093,-4.1134,54.91,79,100,10.0
493,Ampanihy,MG,2021-10-20 22:17:20,-24.7,44.75,67.86,84,97,7.94
494,Ginir,ET,2021-10-20 22:17:20,7.1333,40.7,56.32,55,61,5.55
495,Pleasanton,US,2021-10-20 22:15:05,37.6624,-121.8747,68.9,63,100,1.01
496,Luganville,VU,2021-10-20 22:17:21,-15.5333,167.1667,81.57,77,99,6.22
497,Shelburne,CA,2021-10-20 22:15:07,44.0787,-80.2041,61.56,70,64,10.65
498,Yantongshan,CN,2021-10-20 22:17:21,43.2919,126.0094,32.56,64,0,2.42
499,Dingle,PH,2021-10-20 22:17:22,10.9995,122.6711,75.97,93,59,4.56
500,Lavras,BR,2021-10-20 22:17:22,-21.2453,-44.9997,58.48,86,100,9.22
501,Brus Laguna,HN,2021-10-20 22:17:23,15.75,-84.4833,81.05,86,97,5.46
502,Hirara,JP,2021-10-20 22:17:23,24.8,125.2833,77.27,88,75,5.75
503,Sheridan,US,2021-10-20 22:13:19,44.8333,-106.9173,54.7,39,1,5.75
504,Nouadhibou,MR,2021-10-20 22:17:24,20.931,-17.0347,78.78,50,0,13.8
505,Grand-Santi,GF,2021-10-20 22:17:24,4.25,-54.3833,80.98,69,71,3.49
506,West Wendover,US,2021-10-20 22:17:25,40.7391,-114.0733,52.81,54,1,5.75
507,Darnah,LY,2021-10-20 22:17:25,32.767,22.6367,67.55,73,44,10.16
508,Lukovetskiy,RU,2021-10-20 22:17:26,64.2956,41.9211,30.18,74,100,13.24
509,Valkla,EE,2021-10-20 22:17:26,59.4744,25.3186,53.65,88,100,17.43
510,Botucatu,BR,2021-10-20 22:17:27,-22.8858,-48.445,55.96,82,90,10.56
511,Fomboni,KM,2021-10-20 22:17:27,-12.28,43.7425,77.49,75,97,6.08
512,Yeniseysk,RU,2021-10-20 22:17:28,58.4497,92.1703,34.7,85,94,5.14
513,Guangyuan,CN,2021-10-20 22:17:28,32.442,105.823,49.87,90,100,3.89
514,Jati,PK,2021-10-20 22:17:29,24.3539,68.2671,76.35,70,0,8.05
515,Sechura,PE,2021-10-20 22:15:40,-5.5569,-80.8222,73.65,65,31,15.43
516,Nampula,MZ,2021-10-20 22:17:29,-15.1165,39.2666,69.75,83,75,11.5
517,Atar,MR,2021-10-20 22:17:30,20.5169,-13.0499,84.36,15,3,9.66
518,Suntar,RU,2021-10-20 22:17:30,62.1444,117.6319,34.88,98,100,7.56
519,Sampit,ID,2021-10-20 22:17:31,-2.5333,112.95,73.31,98,100,0.36
520,Wukari,NG,2021-10-20 22:17:31,7.85,9.7833,72.39,89,99,3.58
521,Puerto El Triunfo,SV,2021-10-20 22:17:31,13.2833,-88.55,82.56,82,81,4.88
522,Saint Anthony,US,2021-10-20 22:17:32,45.0205,-93.218,55.54,92,90,4.0
523,Kholodnyy,RU,2021-10-20 22:17:32,62.7167,147.95,-16.22,97,49,1.12
524,Mackay,AU,2021-10-20 22:15:06,-21.15,149.2,77.04,76,46,11.3
525,Kattivakkam,IN,2021-10-20 22:17:33,13.2167,80.3167,80.69,80,38,2.28
526,Bamiantong,CN,2021-10-20 22:17:33,44.9333,130.5333,27.63,74,2,2.66
527,Pangkalanbuun,ID,2021-10-20 22:17:34,-2.6833,111.6167,73.29,99,93,1.48
528,Wangkui,CN,2021-10-20 22:17:34,46.8333,126.5,30.79,63,61,1.97
529,Paamiut,GL,2021-10-20 22:17:35,61.994,-49.6678,36.21,59,0,4.25
530,Tokur,RU,2021-10-20 22:17:35,53.1333,132.9,19.26,96,100,3.42
531,San Cristobal,VE,2021-10-20 22:17:36,7.7669,-72.225,78.98,69,12,2.08
532,Ust-Kuyga,RU,2021-10-20 22:17:36,70.0167,135.6,7.11,97,100,4.0
533,Bukachacha,RU,2021-10-20 22:17:36,52.9833,116.9167,22.55,94,16,3.31
534,Wasilla,US,2021-10-20 22:17:37,61.5814,-149.4394,44.53,64,90,3.44
535,Cabedelo,BR,2021-10-20 22:17:38,-6.9811,-34.8339,81.27,79,11,12.3
536,Rodrigues Alves,BR,2021-10-20 22:17:38,-7.738,-72.6509,86.2,82,96,1.7
537,Ciudad Bolivar,VE,2021-10-20 22:17:39,8.1222,-63.5497,86.13,40,70,8.37
538,Arman,RU,2021-10-20 22:17:39,59.7,150.1667,11.14,46,0,7.25
539,Ekhabi,RU,2021-10-20 22:17:39,53.5102,142.9671,25.72,84,26,9.69
540,Muscat,OM,2021-10-20 22:17:40,23.6139,58.5922,84.22,62,19,0.92
541,Lasa,IT,2021-10-20 22:17:40,46.6166,10.7002,52.54,89,90,5.14
542,Komsomolskiy,UZ,2021-10-20 22:17:41,40.4272,71.7189,60.22,41,100,6.91
543,Terenos,BR,2021-10-20 22:17:12,-20.4422,-54.8603,80.31,47,40,5.75
544,Ayan,RU,2021-10-20 22:17:41,56.45,138.1667,35.4,62,99,8.84
545,Sorong,ID,2021-10-20 22:13:35,-0.8833,131.25,80.6,80,100,5.01
546,Alekseyevsk,RU,2021-10-20 22:17:42,57.8406,108.3492,35.17,96,100,7.81
547,Vanderhoof,CA,2021-10-20 22:17:43,54.0166,-124.0198,46.02,68,100,2.84
548,Cayenne,GF,2021-10-20 22:17:43,4.9333,-52.3333,83.08,79,0,1.01
549,Riverton,US,2021-10-20 22:17:44,40.5219,-111.9391,64.9,39,1,1.01
550,Rapid Valley,US,2021-10-20 22:17:44,44.0625,-103.1463,50.86,82,90,3.0
551,Wolgast,DE,2021-10-20 22:17:45,54.05,13.7667,57.85,83,100,20.24
552,Calama,CL,2021-10-20 22:17:45,-22.4667,-68.9333,68.49,11,0,19.57
553,Carndonagh,IE,2021-10-20 22:17:46,55.25,-7.2667,44.8,65,96,21.0
554,Lintangan,PH,2021-10-20 22:17:46,7.2155,121.952,76.98,83,95,4.92
